epoch,loss,output_1_loss,output_1_mean_absolute_error,output_1_mean_squared_error,output_2_loss,output_2_mean_absolute_error,output_2_mean_squared_error,output_3_loss,output_3_mean_absolute_error,output_3_mean_squared_error,val_loss,val_output_1_loss,val_output_1_mean_absolute_error,val_output_1_mean_squared_error,val_output_2_loss,val_output_2_mean_absolute_error,val_output_2_mean_squared_error,val_output_3_loss,val_output_3_mean_absolute_error,val_output_3_mean_squared_error
0,0.21867568790912628,0.015615648590028286,0.07044205069541931,0.015615648590028286,0.14751023054122925,0.14692939817905426,0.14751023054122925,33.6422233581543,4.558601379394531,33.6422233581543,0.06120994687080383,0.005441413726657629,0.05671002343297005,0.005441413726657629,0.016008129343390465,0.07435915619134903,0.016008129343390465,34.84475326538086,4.608899116516113,34.84475326538086
1,0.05013154819607735,0.004209605045616627,0.049096617847681046,0.004209605045616627,0.012443872168660164,0.06797610968351364,0.012443872168660164,33.87994384765625,4.55490255355835,33.87994384765625,0.04454639554023743,0.0020981491543352604,0.0386420376598835,0.0020981491543352604,0.013189678080379963,0.06253146380186081,0.013189678080379963,34.524837493896484,4.60552453994751,34.524837493896484
2,0.04195953160524368,0.0037985669914633036,0.04615693539381027,0.0037985669914633036,0.011084501631557941,0.06410623341798782,0.011084501631557941,33.88460159301758,4.554575443267822,33.88460159301758,0.03762469068169594,0.004285430070012808,0.061571624130010605,0.004285430070012808,0.008187164552509785,0.04964543133974075,0.008187164552509785,33.975830078125,4.559239387512207,33.975830078125
3,0.03721456974744797,0.003404277143999934,0.04373529925942421,0.003404277143999934,0.009920952841639519,0.06041065230965614,0.009920952841639519,33.887001037597656,4.554581165313721,33.887001037597656,0.03315979614853859,0.0019336040131747723,0.03864613547921181,0.0019336040131747723,0.00840674340724945,0.052249565720558167,0.00840674340724945,33.79659652709961,4.546447277069092,33.79659652709961
4,0.03449975326657295,0.003151652868837118,0.042122844606637955,0.003151652868837118,0.009293889626860619,0.05864440277218819,0.009293889626860619,33.88895797729492,4.554574489593506,33.88895797729492,0.031469959765672684,0.0021082633174955845,0.03992004320025444,0.0021082633174955845,0.008131942711770535,0.05835753306746483,0.008131942711770535,34.27821350097656,4.570664405822754,34.27821350097656
