epoch,loss,output_1_loss,output_1_mean_absolute_error,output_1_mean_squared_error,output_2_loss,output_2_mean_absolute_error,output_2_mean_squared_error,output_3_loss,output_3_mean_absolute_error,output_3_mean_squared_error,val_loss,val_output_1_loss,val_output_1_mean_absolute_error,val_output_1_mean_squared_error,val_output_2_loss,val_output_2_mean_absolute_error,val_output_2_mean_squared_error,val_output_3_loss,val_output_3_mean_absolute_error,val_output_3_mean_squared_error
0,0.885985791683197,0.86590576171875,0.09309616684913635,0.86590576171875,2.979172468185425,0.3203372359275818,2.979172468185425,38.49585723876953,5.245356559753418,38.49585723876953,0.007545144762843847,0.0018850801279768348,0.037081029266119,0.0018850801279768348,0.25453945994377136,0.16383160650730133,0.25453945994377136,34.665138244628906,5.166404724121094,34.665138244628906
1,0.005918572656810284,0.0014991736970841885,0.024693168699741364,0.0014991736970841885,0.20066246390342712,0.1424981951713562,0.20066246390342712,34.19264602661133,5.12906551361084,34.19264602661133,0.004808699246495962,0.0011296302545815706,0.025637846440076828,0.0011296302545815706,0.16999273002147675,0.11127821356058121,0.16999273002147675,34.74163818359375,5.169132232666016,34.74163818359375
