epoch,loss,output_1_loss,output_1_mean_absolute_error,output_1_mean_squared_error,output_2_loss,output_2_mean_absolute_error,output_2_mean_squared_error,output_3_loss,output_3_mean_absolute_error,output_3_mean_squared_error,val_loss,val_output_1_loss,val_output_1_mean_absolute_error,val_output_1_mean_squared_error,val_output_2_loss,val_output_2_mean_absolute_error,val_output_2_mean_squared_error,val_output_3_loss,val_output_3_mean_absolute_error,val_output_3_mean_squared_error
0,0.00556210707873106,0.0001164676359621808,0.008305162191390991,0.0001164676359621808,0.0008177890558727086,0.019635282456874847,0.0008177890558727086,4.3397521949373186e-05,0.004833499435335398,4.3397521949373186e-05,0.0056635052897036076,0.00021365383872762322,0.011762317270040512,0.00021365383872762322,0.0008210797095671296,0.019751522690057755,0.0008210797095671296,4.392796108732e-05,0.0048641543835401535,4.392796472529881e-05
1,0.005864892154932022,0.00038286607014015317,0.01149049773812294,0.00038286607014015317,0.0008495183428749442,0.02005687728524208,0.0008495183428749442,4.6140587073750794e-05,0.004973667673766613,4.61405907117296e-05,0.00588374026119709,0.00037600393989123404,0.015919672325253487,0.00037600393989123404,0.0008717966848053038,0.02066398784518242,0.0008717966848053038,4.901266220258549e-05,0.0052133905701339245,4.901266220258549e-05
2,0.006099551450461149,0.0005848921136930585,0.014590487815439701,0.0005848921136930585,0.0008751631248742342,0.020446032285690308,0.0008751631248742342,4.791693572769873e-05,0.005096976179629564,4.791693572769873e-05,0.005915230605751276,0.0003915131092071533,0.015583375468850136,0.0003915131092071533,0.0008871186291798949,0.02080020122230053,0.0008871186291798949,4.975733827450313e-05,0.005239039659500122,4.975733463652432e-05
