epoch,loss,output_1_loss,output_1_mean_absolute_error,output_1_mean_squared_error,output_2_loss,output_2_mean_absolute_error,output_2_mean_squared_error,output_3_loss,output_3_mean_absolute_error,output_3_mean_squared_error,val_loss,val_output_1_loss,val_output_1_mean_absolute_error,val_output_1_mean_squared_error,val_output_2_loss,val_output_2_mean_absolute_error,val_output_2_mean_squared_error,val_output_3_loss,val_output_3_mean_absolute_error,val_output_3_mean_squared_error
0,0.005641421303153038,0.00027852997300215065,0.009489316493272781,0.00027852997300215065,0.000805018178652972,0.019428864121437073,0.000805018178652972,4.2829349695239216e-05,0.004788047634065151,4.28293424192816e-05,0.005571916699409485,0.000197129906155169,0.010794151574373245,0.000197129906155169,0.0008165776380337775,0.019643932580947876,0.0008165776380337775,4.341283056419343e-05,0.004847046919167042,4.341283056419343e-05
1,0.0058206976391375065,0.00042863478302024305,0.012084774672985077,0.00042863478302024305,0.0008300986373797059,0.01975918747484684,0.0008300986373797059,4.4705288019031286e-05,0.004893519915640354,4.470528074307367e-05,0.005642858799546957,0.0002619623555801809,0.013205835595726967,0.0002619623555801809,0.0008242024341598153,0.019709834828972816,0.0008242024341598153,4.2906205635517836e-05,0.004806604702025652,4.290621291147545e-05
2,0.0062131257727742195,0.0007675941451452672,0.014285050332546234,0.0007675941451452672,0.0008769647683948278,0.0201997272670269,0.0008769647683948278,4.806129800272174e-05,0.005024830810725689,4.806129800272174e-05,0.006654347758740187,0.001093418919481337,0.026728998869657516,0.001093418919481337,0.0009824986336752772,0.022346096113324165,0.0009824986336752772,5.693625644198619e-05,0.00573577219620347,5.69362637179438e-05
