epoch,loss,output_1_loss,output_1_mean_absolute_error,output_1_mean_squared_error,output_2_loss,output_2_mean_absolute_error,output_2_mean_squared_error,output_3_loss,output_3_mean_absolute_error,output_3_mean_squared_error,val_loss,val_output_1_loss,val_output_1_mean_absolute_error,val_output_1_mean_squared_error,val_output_2_loss,val_output_2_mean_absolute_error,val_output_2_mean_squared_error,val_output_3_loss,val_output_3_mean_absolute_error,val_output_3_mean_squared_error
0,36.55230712890625,13.548641204833984,1.3625622987747192,13.548641204833984,9.703088760375977,1.599476933479309,9.703088760375977,13.232515335083008,0.37320515513420105,13.232516288757324,0.9422417879104614,0.02284570224583149,0.11154071241617203,0.02284570224583149,0.8147948384284973,0.6669207811355591,0.8147948384284973,0.03550954535603523,0.14212322235107422,0.03550954535603523
1,0.7073356509208679,0.01436519529670477,0.08785223215818405,0.01436519529670477,0.597011148929596,0.5725911259651184,0.597011148929596,0.026812240481376648,0.12325596064329147,0.026812240481376648,0.5671766996383667,0.00979933887720108,0.07331983000040054,0.00979933887720108,0.4665122628211975,0.5079600811004639,0.4665122628211975,0.021670177578926086,0.11079958826303482,0.021670177578926086
2,0.48865199089050293,0.007320311851799488,0.06364519149065018,0.007320311851799488,0.39348599314689636,0.46735626459121704,0.39348599314689636,0.01861119270324707,0.10242637991905212,0.01861119270324707,0.42551571130752563,0.005417741369456053,0.054447241127491,0.005417741369456053,0.3345524072647095,0.42929407954216003,0.3345524072647095,0.016272995620965958,0.09508665651082993,0.016272995620965958
